peptide,protein,protein_length,start_position,end_position
TAILRKATR,PB2,759,371,379
EGYEEFTMVGR,PB2,759,358,368
ELRNLMSQSR,PB2,759,6,15
DLNFVNRANQR,PB2,759,417,427
GQYSGFVRT,PB2,759,590,598
SADPLASLLEM,PB2,759,273,283
QYSGFVRT,PB2,759,591,598
TEEQAVDICKA,PB2,759,303,313
KMNDAGSDR,PB2,759,80,88
SSFSFGGFTFK,PB2,759,321,331
AVRGDLNFVNR,PB2,759,413,423
DPLASLLEM,PB2,759,275,283
EILTKTTVDHM,PB2,759,18,28
VLGTFDTAQII,PB2,759,606,616
DVYRDEALNNR,HKx31_HA_translation_frame_+3,587,514,524
SNGNLIAPR,HKx31_HA_translation_frame_+3,587,272,280
ETWDLFVER,HKx31_HA_translation_frame_+3,587,107,115
LENQHTIDL,HKx31_HA_translation_frame_+3,587,456,464
NSNGNLIAPR,HKx31_HA_translation_frame_+3,587,271,280
TITDDQIEVTN,HKx31_HA_translation_frame_+3,587,53,63
TWDLFVER,HKx31_HA_translation_frame_+3,587,108,115
LYGFIIKGR,PR8_PA_translation_frame_+1,744,508,516
ERFEITGTMR,PR8_PA_translation_frame_+1,744,211,220
MTKEFFENK,PR8_PA_translation_frame_+1,744,615,623
MEFSLTDPR,PR8_PA_translation_frame_+1,744,531,539
ESLKLYRDSLGEAVMR,NS,121,36,51
TQFESLKL,NS,121,33,40
LYRDSLGEAVMR,NS,121,40,51
TFMQALHLL,NS,121,98,106
DSLGEAVMR,NS,121,43,51
NNMDKAVKLYR,M,252,91,101
FTLTVPSER,M,252,64,72
MVLASTTAK,M,252,179,187
ENLQAYQKR,M,252,235,243
TTNPLIRHENR,M,252,168,178
EAMEVASQAR,M,252,201,210
LTEVETYV,M,252,4,11
EVASQARQMV,M,252,204,213
ETMESSTLELRSR,NP,498,372,384
EFEDLTFLAR,NP,498,252,261
ETMESSTLELR,NP,498,372,382
ESSTLELRSR,NP,498,375,384
SPIVPSFDM,NP,498,473,481
NLNDATYQR,NP,498,142,150
NLNDATYQRTR,NP,498,142,152
TFLARSALILR,NP,498,257,267
ELKLSDYEGR,NP,498,46,55
ESSTLELR,NP,498,375,382
IQPTFSVQRNLPFDR,NP,498,408,422
ARSALILR,NP,498,260,267
IQPTFSVQRNLPFD,NP,498,408,421
MSNEGSYF,NP,498,481,488
DATYQRTRALVR,NP,498,145,156
RALVRTGMDPR,NP,498,152,162
ELKLSDYEGRLIQ,NP,498,46,58
RSGGNTNQQR,NP,498,391,400
RRIWRQANN,NP,498,117,125
ISIQPTFSVQRNLPF,NP,498,406,420
RNFWRGENGR,NP,498,204,213
SARPEDVSFQGR,NP,498,450,461
FSVQRNLPF,NP,498,412,420
DVYRDEALNNR,HA,566,505,515
SNGNLIAPR,HA,566,263,271
ETWDLFVER,HA,566,98,106
LENQHTIDL,HA,566,447,455
NSNGNLIAPR,HA,566,262,271
TITDDQIEVTN,HA,566,44,54
TWDLFVER,HA,566,99,106
NNMDKAVKLYR,PR8_M_translation_frame_+2,342,99,109
FTLTVPSER,PR8_M_translation_frame_+2,342,72,80
MVLASTTAK,PR8_M_translation_frame_+2,342,187,195
ENLQAYQKR,PR8_M_translation_frame_+2,342,243,251
TTNPLIRHENR,PR8_M_translation_frame_+2,342,176,186
EAMEVASQAR,PR8_M_translation_frame_+2,342,209,218
LTEVETYV,PR8_M_translation_frame_+2,342,12,19
EVASQARQMV,PR8_M_translation_frame_+2,342,212,221
DNMTKKMITQR,PR8_PB1_translation_frame_+1,780,201,211
MTKKMITQR,PR8_PB1_translation_frame_+1,780,203,211
HSWIPKRNR,PR8_PB1_translation_frame_+1,780,672,680
FIKDYRYTYR,PR8_PB1_translation_frame_+1,780,559,568
NLYNIRNL,PR8_PB1_translation_frame_+1,780,605,612
ETMEVVQQTR,PR8_PB1_translation_frame_+1,780,117,126
TVNRTHQYSEK,PR8_PB1_translation_frame_+1,780,50,60
TFPYTGDPPYS,PR8_PB1_translation_frame_+1,780,29,39
PAEMLASIDLKYFND,PR8_PB1_translation_frame_+1,780,377,391
TAILRKATR,PR8_PB2_translation_frame_+1,780,380,388
EGYEEFTMVGR,PR8_PB2_translation_frame_+1,780,367,377
ELRNLMSQSR,PR8_PB2_translation_frame_+1,780,15,24
DLNFVNRANQR,PR8_PB2_translation_frame_+1,780,426,436
GQYSGFVRT,PR8_PB2_translation_frame_+1,780,599,607
SADPLASLLEM,PR8_PB2_translation_frame_+1,780,282,292
QYSGFVRT,PR8_PB2_translation_frame_+1,780,600,607
TEEQAVDICKA,PR8_PB2_translation_frame_+1,780,312,322
KMNDAGSDR,PR8_PB2_translation_frame_+1,780,89,97
SSFSFGGFTFK,PR8_PB2_translation_frame_+1,780,330,340
AVRGDLNFVNR,PR8_PB2_translation_frame_+1,780,422,432
DPLASLLEM,PR8_PB2_translation_frame_+1,780,284,292
EILTKTTVDHM,PR8_PB2_translation_frame_+1,780,27,37
VLGTFDTAQII,PR8_PB2_translation_frame_+1,780,615,625
SIIFNMER,PR8_PB2_translation_frame_+1,780,5,12
SESRSIIF,PR8_PB2_translation_frame_+1,780,1,8
AKFHHCLL,PR8_NS_translation_frame_+1,296,167,174
ESLKLYRDSLGEAVMR,PR8_NS_translation_frame_+1,296,202,217
TQFESLKL,PR8_NS_translation_frame_+1,296,199,206
LYRDSLGEAVMR,PR8_NS_translation_frame_+1,296,206,217
TFMQALHLL,PR8_NS_translation_frame_+1,296,264,272
DSLGEAVMR,PR8_NS_translation_frame_+1,296,209,217
STLGLDIKTATR,PR8_NS_translation_frame_+3,296,56,67
IFDRLETLI,PR8_NS_translation_frame_+3,296,145,153
EMAGTIRSEV,PR8_NS_translation_frame_+3,296,229,238
ETLQRFAWR,PR8_NS_translation_frame_+3,296,204,212
FYVELIRGR,NA,469,422,430
DNMTKKMITQR,PR8_NP_translation_frame_-1,1423,859,869
MTKKMITQR,PR8_NP_translation_frame_-1,1423,861,869
HSWIPKRNR,PR8_NP_translation_frame_-1,1423,1330,1338
FIKDYRYTYR,PR8_NP_translation_frame_-1,1423,1217,1226
NLYNIRNL,PR8_NP_translation_frame_-1,1423,1263,1270
ETMEVVQQTR,PR8_NP_translation_frame_-1,1423,775,784
TVNRTHQYSEK,PR8_NP_translation_frame_-1,1423,708,718
TFPYTGDPPYS,PR8_NP_translation_frame_-1,1423,687,697
PAEMLASIDLKYFND,PR8_NP_translation_frame_-1,1423,1035,1049
FYVELIRGR,HKx31_NA_translation_frame_+1,470,422,430
STLGLDIKTATR,NS,230,48,59
IFDRLETLI,NS,230,137,145
EMAGTIRSEV,NS,230,221,230
ETLQRFAWR,NS,230,196,204
YTFGGFTTR,HKx31_HA_translation_frame_+1,588,203,211
YTFGGFTTRA,HKx31_HA_translation_frame_+1,588,203,212
TTKSNVAVSHPR,PR8_PB2_translation_frame_+3,779,15,26
ETMESSTLELRSR,PR8_NP_translation_frame_+1,521,387,399
EFEDLTFLAR,PR8_NP_translation_frame_+1,521,267,276
ETMESSTLELR,PR8_NP_translation_frame_+1,521,387,397
ESSTLELRSR,PR8_NP_translation_frame_+1,521,390,399
SPIVPSFDM,PR8_NP_translation_frame_+1,521,488,496
NLNDATYQR,PR8_NP_translation_frame_+1,521,157,165
NLNDATYQRTR,PR8_NP_translation_frame_+1,521,157,167
TFLARSALILR,PR8_NP_translation_frame_+1,521,272,282
ELKLSDYEGR,PR8_NP_translation_frame_+1,521,61,70
ESSTLELR,PR8_NP_translation_frame_+1,521,390,397
IQPTFSVQRNLPFDR,PR8_NP_translation_frame_+1,521,423,437
ARSALILR,PR8_NP_translation_frame_+1,521,275,282
IQPTFSVQRNLPFD,PR8_NP_translation_frame_+1,521,423,436
MSNEGSYF,PR8_NP_translation_frame_+1,521,496,503
DATYQRTRALVR,PR8_NP_translation_frame_+1,521,160,171
RALVRTGMDPR,PR8_NP_translation_frame_+1,521,167,177
ELKLSDYEGRLIQ,PR8_NP_translation_frame_+1,521,61,73
RSGGNTNQQR,PR8_NP_translation_frame_+1,521,406,415
RRIWRQANN,PR8_NP_translation_frame_+1,521,132,140
ISIQPTFSVQRNLPF,PR8_NP_translation_frame_+1,521,421,435
RNFWRGENGR,PR8_NP_translation_frame_+1,521,219,228
SARPEDVSFQGR,PR8_NP_translation_frame_+1,521,465,476
FSVQRNLPF,PR8_NP_translation_frame_+1,521,427,435
