peptides,Source,HLA types
STFIYNSM,Gbp6,HLA-DQA1*05:01
CLQPPDGGT,Iqcj-Schip1,HLA-B*07:02
PLGSTVQSQTKGIWM,Gbp6,HLA-DQB1*02:01
SDDYLENAL,Gbp6,HLA-A*02:01
SARVKDSG,Fcgr4,HLA-DQA1*05:01
HPQLPQLPS,Auts2,HLA-A*02:01
LPERDGHSHEGRAAG,Auts2,HLA-B*07:02
SGSDKDSDAD,Iqcj-Schip1,HLA-A*02:01
CVRAVLERP,Arrdc4,HLA-B*35:01
HNDSGSYFCRGL,Fcgr4,HLA-DRB1*01:01
PEDNSIKWF,Fcgr4,HLA-DQB1*02:01
FQKTFGLDD,Irgm2,HLA-A*01:01
SWQNRPVRKV,Fcgr4,HLA-DQB1*02:01
SYIFTYAKIKTL,Gbp6,HLA-DRB1*04:01
NTFSDSST,Iqcj-Schip1,HLA-DRB1*01:01
PGDPWQDRIN,Gucy2d,HLA-A*02:01
GESQLHVAAR,Ankrd31,HLA-DQA1*05:01
YGSIQYCVR,Arrdc4,HLA-B*07:02
TRPCRLCRNKL,Gpr15lg,HLA-A*01:01
VRHOVANV,Arrdc4,HLA-DRB1*01:01
LQVIVNDLHSQIESL,Iqcj-Schip1,HLA-A*02:01
MNLQICFVNDS,Iqcj-Schip1,HLA-DRB1*01:01
LKELLGGG,Ankrd31,HLA-DRB1*01:01
YLNLRLSLLEAPAGE,Arrdc4,HLA-DRB1*04:01
TKWLFQEG,Fcgr4,HLA-B*35:01
EEPKIQWSKE,Fcgr4,HLA-A*01:01
FPLGSTVQSQT,Gbp6,HLA-A*01:01
ECIRLFAPNRKCFVF,Gbp6,HLA-DQB1*02:01
LSSRSSTPAK,Auts2,HLA-DRB1*01:01
MLELKLNGED,Gbp6,HLA-DQA1*05:01